{"cameraMode":{"drawMode":0,"name":"Shaded","section":"Shading Mode"},"sceneLighting":false,"audioPlay":false,"sceneViewState":{"showFog":true,"showMaterialUpdate":true,"showSkybox":false,"showFlares":true,"showImageEffects":true,"showParticleSystems":true},"in2DMode":false,"pivot":{"x":345.88482666015627,"y":220.13626098632813,"z":13.181427001953125},"rotation":{"x":0.11070865392684937,"y":0.025414029136300088,"z":0.003403330920264125,"w":-0.993526816368103},"size":482.66943359375,"orthographic":false}