{"cameraMode":{"drawMode":0,"name":"Shaded","section":"Shading Mode"},"sceneLighting":false,"audioPlay":false,"sceneViewState":{"showFog":true,"showMaterialUpdate":true,"showSkybox":false,"showFlares":true,"showImageEffects":true,"showParticleSystems":true},"in2DMode":false,"pivot":{"x":35.21659851074219,"y":22.145479202270509,"z":242.46240234375},"rotation":{"x":0.1388283222913742,"y":-0.010352672077715397,"z":0.0033684703521430494,"w":0.9902631044387817},"size":30.04994010925293,"orthographic":false}