{"cameraMode":{"drawMode":0,"name":"Shaded","section":"Shading Mode"},"sceneLighting":true,"audioPlay":false,"sceneViewState":{"showFog":true,"showMaterialUpdate":true,"showSkybox":true,"showFlares":true,"showImageEffects":true,"showParticleSystems":true},"in2DMode":false,"pivot":{"x":3.2940616607666017,"y":5.55837345123291,"z":-1.6508471965789796},"rotation":{"x":-0.1246851235628128,"y":-0.13773393630981446,"z":0.01718173734843731,"w":-0.9825119376182556},"size":5.474920272827148,"orthographic":false}