{"cameraMode":{"drawMode":0,"name":"Shaded","section":"Shading Mode"},"sceneLighting":false,"audioPlay":false,"sceneViewState":{"showFog":true,"showMaterialUpdate":true,"showSkybox":false,"showFlares":true,"showImageEffects":true,"showParticleSystems":true},"in2DMode":false,"pivot":{"x":-272.1584777832031,"y":98.5303726196289,"z":180.9024200439453},"rotation":{"x":-0.16201207041740418,"y":-0.7431954145431519,"z":0.1626870334148407,"w":-0.628679096698761},"size":142.89422607421876,"orthographic":false}