{"cameraMode":{"drawMode":0,"name":"Shaded","section":"Shading Mode"},"sceneLighting":false,"audioPlay":false,"sceneViewState":{"showFog":true,"showMaterialUpdate":true,"showSkybox":false,"showFlares":true,"showImageEffects":true,"showParticleSystems":true},"in2DMode":false,"pivot":{"x":252.7265625,"y":121.90540313720703,"z":891.9092407226563},"rotation":{"x":0.004810006357729435,"y":-0.04740214720368385,"z":0.00010120039951289073,"w":0.9989144206047058},"size":1196.151123046875,"orthographic":false}